old_url,clicks,impressions,new_url,confidence,method
https://mahamprint.com/category/138/%D9%BE%D8%AF-%D8%A7%D9%85%D8%B6%D8%A7%D8%A1,157,4258,,none,needs manual mapping
https://mahamprint.com/category/110/%D9%84%DB%8C%D8%A8%D9%84-%D8%A8%D8%B1%DA%86%D8%B3%D8%A8,157,10387,,none,needs manual mapping
https://mahamprint.com/category/96/%D8%B1%D9%86%DA%AF%DB%8C,101,3703,,none,needs manual mapping
https://mahamprint.com/category/84/calculator,6,4073,https://mahamprint.com/categories/calculator,high,exact slug
https://mahamprint.com/category/98/%D8%B1%D9%86%DA%AF%DB%8C,72,4053,,none,needs manual mapping
https://mahamprint.com/category/115/%D8%A8%D8%B1%D8%AF-%D9%81%D8%B1%D9%85%D8%AA%D8%B1,71,3434,,none,needs manual mapping
https://mahamprint.com/category/54/Office-machines,88,3395,https://mahamprint.com/categories/office-machines,high,normalized slug
https://mahamprint.com/category/50/scanner,18,3173,https://mahamprint.com/categories/scanner,high,exact slug
https://mahamprint.com/category/105/%D8%B1%DB%8C%D8%A8%D9%88%D9%86,36,2728,,none,needs manual mapping
https://mahamprint.com/category/66/Shredder,9,2611,https://mahamprint.com/categories/shredder,high,normalized slug
https://mahamprint.com/category/95/%D8%B3%DB%8C%D8%A7%D9%87-%D9%88-%D8%B3%D9%81%DB%8C%D8%AF,16,2366,,none,needs manual mapping
https://mahamprint.com/category/61/Ink,18,2206,https://mahamprint.com/categories/ink,high,normalized slug
https://mahamprint.com/category/65/Banknote-count,36,2657,https://mahamprint.com/categories/banknote-count,high,normalized slug
https://mahamprint.com/category/119/%D8%A8%D8%B1%D8%AF-%D9%BE%D8%A7%D9%88%D8%B1,48,2131,,none,needs manual mapping
https://mahamprint.com/category/121/%D8%B3%D8%A7%DB%8C%D8%B1-%D9%82%D8%B7%D8%B9%D8%A7%D8%AA,63,2795,,none,needs manual mapping
https://mahamprint.com/category/70/Money-Drawer,19,1994,https://mahamprint.com/categories/money-drawer,high,normalized slug
https://mahamprint.com/category/112/%D9%86%D9%88%D8%A7%D8%B1-%D9%84%DB%8C%D8%A8%D9%84-%D9%BE%D8%B1%DB%8C%D9%86%D8%AA%D8%B1,34,1760,,none,needs manual mapping
https://mahamprint.com/category/69/Banknote-test,29,1797,https://mahamprint.com/categories/banknote-test,high,normalized slug
https://mahamprint.com/category/72/Inkjet-print,19,1522,,none,needs manual mapping
https://mahamprint.com/category/131/%D9%BE%DB%8C%DA%A9%D8%A7%D9%BE,21,1512,,none,needs manual mapping
https://mahamprint.com/category/97/%D8%B3%DB%8C%D8%A7%D9%87-%D9%88-%D8%B3%D9%81%DB%8C%D8%AF-2,17,1410,,none,needs manual mapping
https://mahamprint.com/category/73/Needle%20printer,17,1432,,none,needs manual mapping
https://mahamprint.com/category/81/plater,17,1407,https://mahamprint.com/categories/plater,high,exact slug
https://mahamprint.com/category/127/%D9%87%D8%A7%D8%AA-%D8%B1%D9%88%D9%84,38,1368,,none,needs manual mapping
https://mahamprint.com/category/114/%D8%A8%D8%A7%D8%AA%D8%B1%DB%8C,65,1289,,none,needs manual mapping
https://mahamprint.com/category/132/%D9%81%D9%88%D9%85-%D8%B1%D9%88%D9%84,28,1214,,none,needs manual mapping
https://mahamprint.com/category/56/fax,4,1139,https://mahamprint.com/categories/fax,high,exact slug
https://mahamprint.com/category/59/Inkjet-cartridges,17,1138,,none,needs manual mapping
https://mahamprint.com/category/128/%D9%87%D8%AF-%D9%BE%D8%B1%DB%8C%D9%86%D8%AA%D8%B1,14,1102,,none,needs manual mapping
https://mahamprint.com/category/89/laptop,17,940,https://mahamprint.com/categories/laptop,high,exact slug
https://mahamprint.com/category/108/%D9%85%D8%B1%DA%A9%D8%A8-%D8%B1%DB%8C%D8%B3%D9%88%DA%AF%D8%B1%D8%A7%D9%81,29,911,,none,needs manual mapping
https://mahamprint.com/category/68/Barcode-reader,17,846,https://mahamprint.com/categories/barcode-reader,high,normalized slug
https://mahamprint.com/category/129/%D9%BE%D8%B1%D8%B3,21,881,,none,needs manual mapping
https://mahamprint.com/category/92/Screens,2,732,https://mahamprint.com/categories/screens,high,normalized slug
https://mahamprint.com/category/86/PAPER,9,661,https://mahamprint.com/categories/paper,high,normalized slug
https://mahamprint.com/category/139/%D8%A7%D8%B3%DA%A9%D9%86%D8%B1-%D8%A7%D8%AB%D8%B1-%D8%A7%D9%86%DA%AF%D8%B4%D8%AA,11,664,,none,needs manual mapping
https://mahamprint.com/category/58/Laser-cartridge,3,650,https://mahamprint.com/categories/laser-cartridge,high,normalized slug
https://mahamprint.com/brand/62/DYMO-2,0,524,https://mahamprint.com/brands/dymo-2,high,normalized slug
https://mahamprint.com/category/123/%D8%B3%DB%8C%D9%86%DB%8C-%D9%88%D8%B1%D9%88%D8%AF%DB%8C-%D9%BE%D8%B1%DB%8C%D9%86%D8%AA%D8%B1,37,532,,none,needs manual mapping
https://mahamprint.com/category/107/%D8%AF%D9%88%D9%84%D9%88%D9%BE%D8%B1,12,516,,none,needs manual mapping
https://mahamprint.com/category/93/monitor,4,517,https://mahamprint.com/categories/monitor,high,exact slug
https://mahamprint.com/brand/37/sharp,13,501,https://mahamprint.com/brands/sharp,high,exact slug
https://mahamprint.com/category/82/cart%20print,0,495,,none,needs manual mapping
https://mahamprint.com/category/133/Helishot,6,494,https://mahamprint.com/categories/helishot,high,normalized slug
https://mahamprint.com/brand/33/kodak,7,480,https://mahamprint.com/brands/kodak,high,exact slug
https://mahamprint.com/category/118/%D9%85%DA%AF%D9%86%D8%AA,16,474,,none,needs manual mapping
https://mahamprint.com/category/91/video%20projector1,12,467,,none,needs manual mapping
https://mahamprint.com/category/67/Absence%20attendance%20device,5,391,,none,needs manual mapping
https://mahamprint.com/category/109/%D8%AA%D8%A7%D9%86%DA%A9-%D8%AC%D9%88%D9%87%D8%B1,12,372,,none,needs manual mapping
https://mahamprint.com/category/116/%D8%AF%D8%B1%D8%A7%D9%85,4,350,,none,needs manual mapping
https://mahamprint.com/category/122/%D8%B3%DB%8C%D9%86%DB%8C-%D8%AE%D8%B1%D9%88%D8%AC%DB%8C-%D9%BE%D8%B1%DB%8C%D9%86%D8%AA%D8%B1,16,313,,none,needs manual mapping
https://mahamprint.com/category/62/roll,6,301,https://mahamprint.com/categories/roll,high,exact slug
https://mahamprint.com/category/97/%D8%B3%DB%8C%D8%A7%D9%87-%D9%88-%D8%B3%D9%81%DB%8C%D8%AF,12,303,,none,needs manual mapping
https://mahamprint.com/category/124/%D9%81%DB%8C%D9%84%D9%85-%D9%81%DB%8C%D9%88%D8%B2%DB%8C%D9%86%DA%AF,7,307,,none,needs manual mapping
https://mahamprint.com/category/100/%D8%B1%D9%86%DA%AF%DB%8C,2,296,,none,needs manual mapping
https://mahamprint.com/brand/35/plustek,13,281,https://mahamprint.com/brands/plustek,high,exact slug
https://mahamprint.com/category/55/Copying%20machin,5,266,,none,needs manual mapping
https://mahamprint.com/category/120/%D8%B3%D9%BE%D8%B1%DB%8C%D8%B4%D9%86-%D9%BE%D8%AF,10,263,,none,needs manual mapping
https://mahamprint.com/category/74/Single-job,7,242,,none,needs manual mapping
https://mahamprint.com/category/100/%D8%B1%D9%86%DA%AF%DB%8C-3,3,241,,none,needs manual mapping
https://mahamprint.com/category/147/%DA%A9%D8%A7%D9%84%D8%A7%D9%87%D8%A7%DB%8C-%D8%A7%D8%B3%D8%AA%D9%88%DA%A9,9,223,,none,needs manual mapping
https://mahamprint.com/category/134/%DA%AF%D9%88%D8%B4%DB%8C-%D9%85%D9%88%D8%A8%D8%A7%DB%8C%D9%84,1,219,,none,needs manual mapping
https://mahamprint.com/category/87/DIGITAL,0,210,https://mahamprint.com/categories/digital,high,normalized slug
https://mahamprint.com/category/57/Cartridges-and-consumables,7,213,https://mahamprint.com/categories/cartridges-and-consumables,high,normalized slug
https://mahamprint.com/brand/15/%D9%BE%D8%A7%DA%A9%D8%B4%D9%88%D9%85%D8%A7,0,208,,none,needs manual mapping
https://mahamprint.com/category/136/%D8%A7%DB%8C%D8%B1%D9%BE%D8%A7%D8%AF,1,200,,none,needs manual mapping
https://mahamprint.com/category/111/%D9%86%D9%88%D8%A7%D8%B1-%D9%84%DB%8C%D8%A8%D9%84-%D8%B2%D9%86-%D8%AF%D8%B3%D8%AA%DB%8C,5,169,,none,needs manual mapping
https://mahamprint.com/category/125/%D9%81%DB%8C%D9%88%D8%B2%DB%8C%D9%86%DA%AF,3,167,,none,needs manual mapping
https://mahamprint.com/brand/43/bixolon,5,167,https://mahamprint.com/brands/bixolon,high,exact slug
https://mahamprint.com/tag/3196/%D9%BE%D8%B1%DB%8C%D9%86%D8%AA%D8%B1-%D8%B3%D9%87-%DA%A9%D8%A7%D8%B1%D9%87-%D9%84%DB%8C%D8%B2%D8%B1%DB%8C-%DA%A9%D8%A7%D9%86%D9%86,2,163,,none,needs manual mapping
https://mahamprint.com/category/106/%DA%A9%D8%A7%D8%B1%D8%A8%D9%86-%D9%81%DA%A9%D8%B3,0,141,,none,needs manual mapping
https://mahamprint.com/category/150/products,2,139,https://mahamprint.com/categories/products,high,exact slug
https://mahamprint.com/category/144/%D9%87%D8%A7%D8%B1%D8%AF,0,137,,none,needs manual mapping
https://mahamprint.com/category/90/video-projector,2,130,https://mahamprint.com/categories/video-projector,high,exact slug
https://mahamprint.com/category/140/%D8%AA%D8%AC%D9%87%DB%8C%D8%B2%D8%A7%D8%AA-%D8%B4%D8%A8%DA%A9%D9%87,0,128,,none,needs manual mapping
https://mahamprint.com/brand/42/meva,3,126,https://mahamprint.com/brands/meva,high,exact slug
https://mahamprint.com/brand/26/Brother,0,126,https://mahamprint.com/brands/brother,high,normalized slug
https://mahamprint.com/category/126/%D9%86%D8%A7%D8%AE%D9%86%DA%A9,3,120,,none,needs manual mapping
https://mahamprint.com/category/94/pic-camera,2,113,https://mahamprint.com/categories/pic-camera,high,exact slug
https://mahamprint.com/category/85/side%20part,3,109,,none,needs manual mapping
https://mahamprint.com/brand/27/HP,3,102,https://mahamprint.com/brands/hp,high,normalized slug
https://mahamprint.com/brand/30/panasonic,3,102,https://mahamprint.com/brands/panasonic,high,exact slug
https://mahamprint.com/category/88/game-console,2,99,https://mahamprint.com/categories/game-console,high,exact slug
https://mahamprint.com/tag/818/%D8%A7%D8%B3%DA%A9%D9%86%D8%B1-%D8%A7%DB%8C-%D9%88%DB%8C%DA%98%D9%86/sort=customers_rating&direction=asc,0,98,,none,needs manual mapping
https://mahamprint.com/brand/6/%D8%A7%D8%B3%D9%86%D9%88%D8%A7,1,90,,none,needs manual mapping
https://mahamprint.com/brand/80/vincode,1,87,https://mahamprint.com/brands/vincode,high,exact slug
https://mahamprint.com/brand/22/nikon,4,85,https://mahamprint.com/brands/nikon,high,exact slug
https://mahamprint.com/brand/36/mustek,4,74,https://mahamprint.com/brands/mustek,high,exact slug
https://mahamprint.com/tag/2494/%D9%87%D8%A7%D8%AA-%D8%B1%D9%88%D9%84%D8%B1,1,75,,none,needs manual mapping
https://mahamprint.com/category/143/%D8%A2%D9%84-%D8%A7%DB%8C%D9%86-%D9%88%D8%A7%D9%86,1,74,,none,needs manual mapping
https://mahamprint.com/brand/28,3,69,https://mahamprint.com/brands/-,high,normalized slug
https://mahamprint.com/brand/38/TOSHIBA,1,67,https://mahamprint.com/brands/toshiba,high,normalized slug
https://mahamprint.com/brand/31/Epson,1,66,https://mahamprint.com/brands/epson,high,normalized slug
https://mahamprint.com/tag/3051/%D8%AF%D8%B3%D8%AA%DA%AF%D8%A7%D9%87-%D8%AD%D8%B6%D9%88%D8%B1%D8%BA%DB%8C%D8%A7%D8%A8-%D8%B2%D8%AF-%DA%A9%DB%8C-%D8%AA%DB%8C-%D8%A7%DA%A9%D9%88,0,57,,none,needs manual mapping
https://mahamprint.com/category/146/%D9%BE%D8%B1%D8%AF%D9%87-%D9%86%D9%85%D8%A7%DB%8C%D8%B4-celexon,1,56,,none,needs manual mapping
https://mahamprint.com/brand/34/FUJITSU,1,55,https://mahamprint.com/brands/fujitsu,high,normalized slug
https://mahamprint.com/category/64/Store-and-banking-equipment,2,52,https://mahamprint.com/categories/store-and-banking-equipment,high,normalized slug
https://mahamprint.com/category/135/%D8%B3%D8%A7%D8%B9%D8%AA-%D9%87%D9%88%D8%B4%D9%85%D9%86%D8%AF,0,51,,none,needs manual mapping
https://mahamprint.com/category/90/video%20projector,1,46,,none,needs manual mapping
https://mahamprint.com/tag/2/%D8%A8%D8%B1%DA%86%D8%B3%D8%A8,0,43,,none,needs manual mapping
https://mahamprint.com/category/113/%DA%A9%D8%A7%D8%B1%D8%AA-%D9%BE%DB%8C-%D9%88%DB%8C-%D8%B3%DB%8C,0,41,,none,needs manual mapping
https://mahamprint.com/category/102/%D8%B1%D9%86%DA%AF%DB%8C-4,0,39,,none,needs manual mapping
https://mahamprint.com/brand/16/%D8%B3%D8%A7%D9%85%D8%B3%D9%88%D9%86%DA%AF,0,35,,none,needs manual mapping
https://mahamprint.com/category/141/%D8%B3%DB%8C%D8%B3%DA%A9%D9%88,1,34,,none,needs manual mapping
https://mahamprint.com/brand/28/ricoh,0,34,https://mahamprint.com/brands/ricoh,high,exact slug
https://mahamprint.com/brand/12/%D8%AC%DB%8C-%D9%BE%D9%84%D8%A7%D8%B3,1,33,,none,needs manual mapping
https://mahamprint.com/brand/32/avision,1,32,https://mahamprint.com/brands/avision,high,exact slug
https://mahamprint.com/brand/65/ASUS,0,29,https://mahamprint.com/brands/asus,high,normalized slug
https://mahamprint.com/tag/544/%D9%BE%D8%B1%DB%8C%D9%86%D8%AA%D8%B1-%D8%A7%D9%BE%D8%B3%D9%88%D9%86,1,27,,none,needs manual mapping
https://mahamprint.com/brand/29/lexmark,0,27,https://mahamprint.com/brands/lexmark,high,exact slug
https://mahamprint.com/tag/818/%D8%A7%D8%B3%DA%A9%D9%86%D8%B1-%D8%A7%DB%8C-%D9%88%DB%8C%DA%98%D9%86,2,26,,none,needs manual mapping
https://mahamprint.com/brand/82/smart,0,26,https://mahamprint.com/brands/smart,high,exact slug
https://mahamprint.com/brand/68/DELL,0,26,https://mahamprint.com/brands/dell,high,normalized slug
https://mahamprint.com/brand/26/Brother?min=0&max=48600000&show=0&search=&allSize=&allColor=,0,23,https://mahamprint.com/brands/brother,high,normalized slug
https://mahamprint.com/brand/76/TSC,0,23,https://mahamprint.com/brands/tsc,high,normalized slug
https://mahamprint.com/category/75/3%20job,0,23,,none,needs manual mapping
https://mahamprint.com/brand/70/Lenovo,0,22,https://mahamprint.com/brands/lenovo,high,normalized slug
https://mahamprint.com/tag/1836/HSKV-H%5D-D2500,0,21,,none,needs manual mapping
https://mahamprint.com/tag/705/%D8%A7%D8%B3%DA%A9%D9%86%D8%B1-%DA%A9%D8%AF%D8%A7%DA%A9,0,21,,none,needs manual mapping
https://mahamprint.com/category/78/few%20job,0,20,,none,needs manual mapping
https://mahamprint.com/brand/5/%D8%A7%DB%8C%DA%A9%D8%B3-%D9%88%DB%8C%DA%98%D9%86,0,19,,none,needs manual mapping
https://mahamprint.com/tag/2390/kdh,0,19,,none,needs manual mapping
https://mahamprint.com/brand/36,2,18,https://mahamprint.com/brands/-,high,normalized slug
https://mahamprint.com/tag/127/%D9%BE%D8%B1%DB%8C%D9%86%D8%AA%D8%B1-%D8%A7%D8%B1%D8%B2%D8%A7%D9%86-%D9%82%DB%8C%D9%85%D8%AA,2,18,,none,needs manual mapping
https://mahamprint.com/tag/245/%D8%AE%D8%B1%DB%8C%D8%AF-%D9%BE%D8%B1%DB%8C%D9%86%D8%AA%D8%B1-%D9%82%DB%8C%D9%85%D8%AA-%D9%85%D9%86%D8%A7%D8%B3%D8%A8,1,18,,none,needs manual mapping
https://mahamprint.com/category/142/%DA%A9%D8%A7%D8%B1%D8%AA-%DA%AF%D8%B1%D8%A7%D9%81%DB%8C%DA%A9,0,18,,none,needs manual mapping
https://mahamprint.com/tag/128/%D9%81%D8%B1%D9%88%D8%B4-%D9%BE%D8%B1%DB%8C%D9%86%D8%AA%D8%B1-%D9%82%DB%8C%D9%85%D8%AA-%D9%85%D9%86%D8%A7%D8%B3%D8%A8,0,18,,none,needs manual mapping
https://mahamprint.com/brand/86/cisco,0,17,https://mahamprint.com/brands/cisco,high,exact slug
https://mahamprint.com/tag/1668/%D8%AA%D9%88%D9%86%D8%B0-%D8%A8%D8%A7-%DA%A9%DB%8C%D9%81%DB%8C%D8%AA,0,16,,none,needs manual mapping
https://mahamprint.com/tag/2019/HSJV,0,16,,none,needs manual mapping
https://mahamprint.com/tag/681/%D8%A7%D8%B3%DA%A9%D9%86%D8%B1-%DA%A9%D8%A7%D9%86%D9%86,0,16,,none,needs manual mapping
https://mahamprint.com/tag/1960/fhvn,0,15,,none,needs manual mapping
https://mahamprint.com/tag/2224/ghjv-hp-t795,0,15,,none,needs manual mapping
https://mahamprint.com/tag/2254/%5Dhv-h%5D-d,0,15,,none,needs manual mapping
https://mahamprint.com/category/83/Binding%20and%20consumer%20devices,1,14,,none,needs manual mapping
https://mahamprint.com/tag/132/%D9%81%D8%B1%D9%88%D8%B4-%D9%BE%D8%B1%DB%8C%D9%86%D8%AA%D8%B1,1,14,,none,needs manual mapping
https://mahamprint.com/brand/72/zebra,0,14,https://mahamprint.com/brands/zebra,high,exact slug
https://mahamprint.com/brand/83/apple,0,14,https://mahamprint.com/brands/apple,high,exact slug
https://mahamprint.com/tag/135/%D9%BE%D8%B1%DB%8C%D9%86%D8%AA%D8%B1-%D8%AE%D8%A7%D9%86%DA%AF%DB%8C,0,14,,none,needs manual mapping
https://mahamprint.com/tag/3166/%D8%B1%DB%8C%D8%A8%D9%88%D9%86-%D9%85%D8%AC%DB%8C%DA%A9%D8%A7%D8%B1%D8%AF,0,14,,none,needs manual mapping
https://mahamprint.com/brand/24/sony,0,13,https://mahamprint.com/brands/sony,high,exact slug
https://mahamprint.com/tag/67/%D9%BE%D8%B1%DB%8C%D9%86%D8%AA%D8%B1,0,13,,none,needs manual mapping
https://mahamprint.com/brand/17/%D9%BE%D8%A7%D8%B1%D8%B3-%D8%AE%D8%B2%D8%B1,0,12,,none,needs manual mapping
https://mahamprint.com/brand/61/DYMO,0,12,https://mahamprint.com/brands/dymo,high,normalized slug
https://mahamprint.com/brand/5,0,12,https://mahamprint.com/brands/-,high,normalized slug
https://mahamprint.com/category/80/black,0,12,https://mahamprint.com/categories/black,high,exact slug
https://mahamprint.com/category/101/%D8%B3%DB%8C%D8%A7%D9%87-%D9%88-%D8%B3%D9%81%DB%8C%D8%AF,0,12,,none,needs manual mapping
https://mahamprint.com/tag/3140/%D9%84%D9%85%DB%8C%D9%86%D8%AA-%D9%81%D8%A7%D8%B1%DA%AF%D9%88,0,11,,none,needs manual mapping
https://mahamprint.com/tag/2766/%D9%BE%D9%84%D8%A7%D8%AA%D8%B1-%D8%A7%DA%86-%D9%BE%DB%8C,0,11,,none,needs manual mapping
https://mahamprint.com/tag/3156/%D8%B1%DB%8C%D8%A8%D9%88%D9%86-%D9%81%D8%A7%D8%B1%DA%AF%D9%88,0,11,,none,needs manual mapping
https://mahamprint.com/brand/50,0,10,https://mahamprint.com/brands/-,high,normalized slug
https://mahamprint.com/category/77/Single%20job,0,10,,none,needs manual mapping
https://mahamprint.com/tag/1967/vdkjv-gdcvd,0,10,,none,needs manual mapping
https://mahamprint.com/tag/2895/%D8%A7%D8%B3%DA%A9%D9%86%D8%A7%D8%B3-%D8%B4%D9%85%D8%A7%D8%B1-%D8%A8%DB%8C%D9%84-%DA%A9%D8%A7%D9%86%D8%AA%D8%B1,0,10,,none,needs manual mapping
https://mahamprint.com/brand/18,1,9,https://mahamprint.com/brands/-,high,normalized slug
https://mahamprint.com/brand/25/LG,0,9,https://mahamprint.com/brands/lg,high,normalized slug
https://mahamprint.com/brand/53/Mehr,0,9,https://mahamprint.com/brands/mehr,high,normalized slug
https://mahamprint.com/brand/54/nikita-2,0,9,https://mahamprint.com/brands/nikita-2,high,exact slug
https://mahamprint.com/category/76/4%20job,0,9,,none,needs manual mapping
https://mahamprint.com/tag/2044/hyb-ovnk,0,9,,none,needs manual mapping
https://mahamprint.com/tag/2173/HSKV-9125DC,0,9,,none,needs manual mapping
https://mahamprint.com/tag/2638/%D9%BE%D8%B1%DB%8C%D9%86%D8%AA%D8%B1-%D9%84%DB%8C%D8%B2%D8%B1%DB%8C-%D8%A8%D8%B1%D8%A7%D8%AF%D8%B1,0,9,,none,needs manual mapping
https://mahamprint.com/tag/3053/%D8%AF%D8%B3%D8%AA%DA%AF%D8%A7%D9%87-%D8%AD%D8%B6%D9%88%D8%B1-%D9%88-%D8%BA%DB%8C%D8%A7%D8%A8-%D8%B2%D8%AF-%DA%A9%DB%8C-%D8%AA%DB%8C-%D8%A7%DA%A9%D9%88,0,9,,none,needs manual mapping
https://mahamprint.com/tag/311/%D9%BE%D8%B1%DB%8C%D9%86%D8%AA%D8%B1-%D8%A8%D8%A7-%DA%A9%DB%8C%D9%81%DB%8C%D8%AA-%D8%B9%D8%A7%D9%84%DB%8C,0,9,,none,needs manual mapping
https://mahamprint.com/tag/3155/%D8%B1%DB%8C%D8%A8%D9%88%D9%86-evolis,0,9,,none,needs manual mapping
https://mahamprint.com/tag/3290/%D8%AF%D8%B3%D8%AA%DA%AF%D8%A7%D9%87-%D8%B5%D8%AF%D9%88%D8%B1-%DA%A9%D8%A7%D8%B1%D8%AA-%D8%A7%D8%B3%D9%85%D8%A7%D8%B1%D8%AA,0,9,,none,needs manual mapping
https://mahamprint.com/tag/588/%D9%BE%D8%B1%DB%8C%D9%86%D8%AA%D8%B1-%D8%A8%D8%A7-%D9%82%DB%8C%D9%85%D8%AA-%D8%B9%D8%A7%D9%84%DB%8C,0,9,,none,needs manual mapping
https://mahamprint.com/category/104/%D8%B1%D9%86%DA%AF%DB%8C,0,8,,none,needs manual mapping
https://mahamprint.com/tag/2407/%D8%B1%D9%88%D9%84-%D9%BE%D8%B1%D8%B3-%D8%A7%DA%86-%D9%BE%DB%8C,0,8,,none,needs manual mapping
https://mahamprint.com/tag/2875/%D8%A7%D8%B3%DA%A9%D9%86%D8%A7%D8%B3-%D8%B4%D9%85%D8%A7%D8%B1-hsoon,0,8,,none,needs manual mapping
https://mahamprint.com/tag/3281/%D9%BE%D9%84%D8%A7%D8%AA%D8%B1-%D8%A7%D9%BE%D8%B3%D9%88%D9%86,0,8,,none,needs manual mapping
https://mahamprint.com/tag/714/%D8%A7%D8%B3%DA%A9%D9%86%D8%B1-%D8%A8%D8%A7-%D8%B3%D8%B1%D8%B9%D8%AA-%D8%A8%D8%A7%D9%84%D8%A7,0,8,,none,needs manual mapping
https://mahamprint.com/tag/3282/%D9%BE%D9%84%D8%A7%D8%AA%D8%B1-EPSON,0,8,,none,needs manual mapping
https://mahamprint.com/brand/52/scope,1,7,https://mahamprint.com/brands/scope,high,exact slug
https://mahamprint.com/tag/55/%D8%AA%D9%84%D9%81%D9%86-%D9%87%D9%85%D8%B1%D8%A7%D9%87,1,7,,none,needs manual mapping
https://mahamprint.com/brand/45/TSCO,0,7,https://mahamprint.com/brands/tsco,high,normalized slug
https://mahamprint.com/brand/50/fellowes,0,7,https://mahamprint.com/brands/fellowes,high,exact slug
https://mahamprint.com/category/74/Single%20job,0,7,,none,needs manual mapping
https://mahamprint.com/category/85/side-part,0,7,https://mahamprint.com/categories/side-part,high,exact slug
https://mahamprint.com/tag/179/aparat.com,0,7,,none,needs manual mapping
https://mahamprint.com/tag/2018/gdfg-vdkjv,0,7,,none,needs manual mapping
https://mahamprint.com/tag/2395/%D8%B1%D9%88%D9%84-%D9%BE%D8%B1%D8%B3-sharp,0,7,,none,needs manual mapping
https://mahamprint.com/tag/3288/%D9%BE%D8%B1%DB%8C%D9%86%D8%AA%D8%B1-%DA%86%D8%A7%D9%BE-%DA%A9%D8%A7%D8%B1%D8%AA,0,7,,none,needs manual mapping
https://mahamprint.com/tag/2403/%DA%A9%D8%A7%D8%BA%D8%B0-%D8%AE%D8%B1%D8%AF%DA%A9%D9%86-%D8%B1%D9%85%D9%88,0,7,,none,needs manual mapping
https://mahamprint.com/tag/616/%D8%A7%D8%B3%DA%A9%D9%86%D8%B1-%D8%A7%D9%BE%D8%B3%D9%88%D9%86,0,7,,none,needs manual mapping
https://mahamprint.com/tag/523/%D8%AA%D8%AC%D9%87%DB%8C%D8%B2%D8%A7%D8%AA-%D8%A7%D8%AF%D8%A7%D8%B1%DB%8C,0,7,,none,needs manual mapping
https://mahamprint.com/tag/912/%D9%BE%D8%B1%DB%8C%D9%86%D8%AA%D8%B1-%D8%A8%D8%A7%D9%86%DA%A9%DB%8C,0,7,,none,needs manual mapping
https://mahamprint.com/brand/26,0,6,https://mahamprint.com/brands/-,high,normalized slug
https://mahamprint.com/brand/4/%D9%87%D9%88%D8%A2%D9%88%DB%8C,0,6,,none,needs manual mapping
https://mahamprint.com/brand/40/datalogic,0,6,https://mahamprint.com/brands/datalogic,high,exact slug
https://mahamprint.com/tag/190/%D9%81%D8%B1%D9%88%D8%B4-%D9%BE%D8%B1%DB%8C%D9%86%D8%AA%D8%B1-%D8%A7%D8%B1%D8%B2%D8%A7%D9%86-%D9%82%DB%8C%D9%85%D8%AA,0,6,,none,needs manual mapping
https://mahamprint.com/tag/2022/OVDN-HSKV,0,6,,none,needs manual mapping
https://mahamprint.com/tag/3405/%D9%BE%D8%B1%DB%8C%D9%86%D8%AA%D8%B1-%D8%A7%D8%B3%D8%AA%D9%88%DA%A9-1102,0,6,,none,needs manual mapping
https://mahamprint.com/tag/506/%D9%BE%D8%B1%DB%8C%D9%86%D8%AA%D8%B1-%D9%84%DB%8C%D8%B2%D8%B1%DB%8C-%D8%A7%DA%86-%D9%BE%DB%8C-HP-183fw,0,6,,none,needs manual mapping
https://mahamprint.com/tag/1600/%DA%A9%D8%A7%D8%B1%D8%AA%D8%B1%DB%8C%D8%AC-%D8%A7%D9%BE%D8%B3%D9%88%D9%86,1,5,,none,needs manual mapping
https://mahamprint.com/brand/20/%DA%A9%D8%A7%D9%86%D9%86,0,5,,none,needs manual mapping
https://mahamprint.com/brand/46/MEVA,0,5,https://mahamprint.com/brands/meva,high,normalized slug
https://mahamprint.com/brand/57/XBOX,0,5,https://mahamprint.com/brands/xbox,high,normalized slug
https://mahamprint.com/brand/59/protech,0,5,https://mahamprint.com/brands/protech,high,exact slug
https://mahamprint.com/tag/2655/%D9%81%DB%8C%D8%B4-%D9%BE%D8%B1%DB%8C%D9%86%D8%AA%D8%B1-%D8%A8%DB%8C%DA%A9%D8%B3%D9%84%D9%88%D9%86/sort=name&direction=desc,0,5,,none,needs manual mapping
https://mahamprint.com/tag/2698/%D9%85%D8%A7%D8%B4%DB%8C%D9%86-%D8%AD%D8%B3%D8%A7%D8%A8-%DA%A9%D8%A7%D9%86%D9%86,0,5,,none,needs manual mapping
https://mahamprint.com/tag/2807/%D9%85%D8%A7%D8%B4%DB%8C%D9%86-%D8%AD%D8%B3%D8%A7%D8%A8-%D9%BE%D8%A7%D8%B1%D8%B3,0,5,,none,needs manual mapping
https://mahamprint.com/tag/2851/%D8%B5%D9%86%D8%AF%D9%88%D9%82-%D9%81%D8%B1%D9%88%D8%B4%DA%AF%D8%A7%D9%87%DB%8C-%D8%B3%D9%85,0,5,,none,needs manual mapping
https://mahamprint.com/tag/3144/%D9%81%DB%8C%D9%84%D9%85-%D9%81%D8%A7%D8%B1%DA%AF%D9%88,0,5,,none,needs manual mapping
https://mahamprint.com/tag/3225/%D9%BE%D8%B1%DB%8C%D9%86%D8%AA%D8%B1-%DA%86%D9%86%D8%AF-%DA%A9%D8%A7%D8%B1%D9%87-%D8%AC%D9%88%D9%87%D8%B1-%D8%A7%D9%81%D8%B4%D8%A7%D9%86-%D8%A8%D8%B1%D8%A7%D8%AF%D8%B1,0,5,,none,needs manual mapping
https://mahamprint.com/tag/3307/%D9%BE%D9%87%D9%BE%D8%A7%D8%AF-%D8%AF%DB%8C-%D8%AC%DB%8C-%D8%A7%DB%8C,0,5,,none,needs manual mapping
https://mahamprint.com/tag/3455/%D9%BE%D8%B1%DB%8C%D8%AA%D8%B1-%DA%86%D9%86%D8%AF%DA%A9%D8%A7%D8%B1%D9%87,0,5,,none,needs manual mapping
https://mahamprint.com/brand/62,0,4,https://mahamprint.com/brands/-,high,normalized slug
https://mahamprint.com/category/102/%D8%B1%D9%86%DA%AF%DB%8C,0,4,,none,needs manual mapping
https://mahamprint.com/tag/102/%D9%BE%D8%B1%DB%8C%D9%86%D8%AA%D8%B1-%DA%A9%D8%A7%D9%86%D9%86,0,4,,none,needs manual mapping
https://mahamprint.com/tag/136/%D9%BE%D8%B1%DB%8C%D9%86%D8%AA%D8%B1-%D8%A7%D8%AF%D8%A7%D8%B1%DB%8C,0,4,,none,needs manual mapping
https://mahamprint.com/tag/186/%D8%AE%D8%B1%DB%8C%D8%AF-%D9%BE%D8%B1%DB%8C%D9%86%D8%AA%D8%B1-%D8%A7%D8%B1%D8%B2%D8%A7%D9%86-%D9%82%DB%8C%D9%85%D8%AA,0,4,,none,needs manual mapping
https://mahamprint.com/tag/2062/vdkjv-gdcvd-h%5D-d,0,4,,none,needs manual mapping
https://mahamprint.com/tag/2295/VDKJ,0,4,,none,needs manual mapping
https://mahamprint.com/tag/2124/vdkjv-vhnv,0,4,,none,needs manual mapping
https://mahamprint.com/tag/2368/nsjhi-d,0,4,,none,needs manual mapping
https://mahamprint.com/tag/2383/nvhl-%D8%A7%D8%AD,0,4,,none,needs manual mapping
https://mahamprint.com/tag/2406/%D8%B1%D9%88%D9%84-%D9%BE%D8%B1%D8%B3-hp,0,4,,none,needs manual mapping
https://mahamprint.com/tag/3038/%D9%BE%D8%B1%DB%8C%D9%86%D8%AA%D8%B1-%D8%A7-%D9%BE%DB%8C,0,4,,none,needs manual mapping
https://mahamprint.com/tag/3158/%D8%B1%DB%8C%D8%A8%D9%88%D9%86-%D8%A7%D8%B3%D9%85%D8%A7%D8%B1%D8%AA,0,4,,none,needs manual mapping
https://mahamprint.com/tag/3076/%D8%A8%D8%B1%D8%AF-%D9%BE%D8%A7%D9%88%D8%B1-hp,0,4,,none,needs manual mapping
https://mahamprint.com/tag/3168/%D8%B1%DB%8C%D8%A8%D9%88%D9%86-%D8%B2%D8%A8%D8%B1%D8%A7,0,4,,none,needs manual mapping
https://mahamprint.com/category/148/%DA%A9%D8%A7%D9%84%D8%A7%D9%87%D8%A7%DB%8C-%D8%A7%D8%B3%D8%AA%D9%88%DA%A9,1,3,,none,needs manual mapping
https://mahamprint.com/tag/2678/%D9%BE%D8%B1%DB%8C%D9%86%D8%AA%D8%B1-%D8%AC%D9%88%D9%87%D8%B1-%D8%A7%D9%81%D8%B4%D8%A7%D9%86-%DA%A9%D8%A7%D9%86%D9%86/sort=name&direction=desc,1,3,,none,needs manual mapping
https://mahamprint.com/brand/34,0,3,https://mahamprint.com/brands/-,high,normalized slug
https://mahamprint.com/brand/48/citizen,0,3,https://mahamprint.com/brands/citizen,high,exact slug
https://mahamprint.com/brand/60/Remo,0,3,https://mahamprint.com/brands/remo,high,normalized slug
https://mahamprint.com/brand/73/atima,0,3,https://mahamprint.com/brands/atima,high,exact slug
https://mahamprint.com/category/82/cart-print,0,3,https://mahamprint.com/categories/cart-print,high,exact slug
https://mahamprint.com/tag/1228/%D8%AE%D8%B1%DB%8C%D8%AF-%D8%AF%D8%B1%D8%A7%D9%85,0,3,,none,needs manual mapping
https://mahamprint.com/tag/125/%D9%BE%D8%B1%DB%8C%D9%86%D8%AA%D8%B1-%D8%A8%D8%B1%D8%A7%D8%AF%D8%B1,0,3,,none,needs manual mapping
https://mahamprint.com/tag/1338/%D9%81%D9%88%D9%85-%D8%B1%D9%88%D9%84-%D8%A7%D8%B1%D8%B2%D8%A7%D9%86,0,3,,none,needs manual mapping
https://mahamprint.com/tag/2026/HVJVD%5B-HKK,0,3,,none,needs manual mapping
https://mahamprint.com/tag/2078/%5Dhv-hkk,0,3,,none,needs manual mapping
https://mahamprint.com/tag/2312/vni-klhda-300-400,0,3,,none,needs manual mapping
https://mahamprint.com/tag/2394/%D8%B1%D9%88%D9%84-%D9%BE%D8%B1%D8%B3-%D8%B4%D8%A7%D8%B1%D9%BE,0,3,,none,needs manual mapping
https://mahamprint.com/tag/2388/nvhl-vkd,0,3,,none,needs manual mapping
https://mahamprint.com/tag/2460/%D9%BE%D8%B1%D8%AF%D9%87-%D9%86%D9%85%D8%A7%DB%8C%D8%B4-%D8%A7%D8%B3%DA%A9%D9%88%D9%BE,0,3,,none,needs manual mapping
https://mahamprint.com/tag/2830/%D9%81%DB%8C%D8%B4-%D9%BE%D8%B1%DB%8C%D9%86%D8%AA%D8%B1-X-PRINTER,0,3,,none,needs manual mapping
https://mahamprint.com/tag/2836/%D8%B5%D9%86%D8%AF%D9%88%D9%82-%D9%81%D8%B1%D9%88%D8%B4%DA%AF%D8%A7%D9%87%DB%8C-Posiflex,0,3,,none,needs manual mapping
https://mahamprint.com/tag/2988/%D8%A8%D8%A7%D8%B1%DA%A9%D8%AF-%D8%AE%D9%88%D8%A7%D9%86-%D8%B3%DB%8C-%D8%A8%D9%86,0,3,,none,needs manual mapping
https://mahamprint.com/tag/3016/%D9%BE%D8%B1%DB%8C%D9%86%D8%AA%D8%B1-%D8%AC%D9%88%D9%87%D8%B1-%D8%A7%D9%81%D8%B4%D8%A7%D9%86-%D8%A7%D9%BE%D8%B3%D9%88%D9%86,0,3,,none,needs manual mapping
https://mahamprint.com/tag/3089/%D8%A8%D8%A7%D8%AA%D8%B1%DB%8C-maxell,0,3,,none,needs manual mapping
https://mahamprint.com/tag/3115/%D8%AF%D8%B1%D8%A7%D9%85-%DA%A9%D8%A7%D8%B1%D8%AA%D8%B1%DB%8C%D8%AC-%D8%B4%D8%A7%D8%B1%D9%BE,0,3,,none,needs manual mapping
https://mahamprint.com/tag/3191/%D9%BE%D8%B1%DB%8C%D9%86%D8%AA%D8%B1-%D8%AA%DA%A9-%DA%A9%D8%A7%D8%B1%D9%87-%D9%84%DB%8C%D8%B2%D8%B1%DB%8C-%D8%A8%D8%B1%D8%A7%D8%AF%D8%B1,0,3,,none,needs manual mapping
https://mahamprint.com/tag/2884/%D8%A7%D8%B3%DA%A9%D9%86%D8%A7%D8%B3-%D8%B4%D9%85%D8%A7%D8%B1-ax,1,2,,none,needs manual mapping
https://mahamprint.com/tag/3183/%D9%86%D9%88%D8%A7%D8%B1-%D9%84%DB%8C%D8%A8%D9%84-%D8%AF%D8%A7%DB%8C%D9%85%D9%88,1,2,,none,needs manual mapping
https://mahamprint.com/brand/14/%D8%B4%D9%87%D8%A7%D8%A8,0,2,,none,needs manual mapping
https://mahamprint.com/brand/41/Cbon,0,2,https://mahamprint.com/brands/cbon,high,normalized slug
https://mahamprint.com/brand/81/OSCAR,0,2,https://mahamprint.com/brands/oscar,high,normalized slug
https://mahamprint.com/brand/74/protech,0,2,https://mahamprint.com/brands/protech,high,exact slug
https://mahamprint.com/brand/72,0,2,https://mahamprint.com/brands/-,high,normalized slug
https://mahamprint.com/category/103/%D8%B3%DB%8C%D8%A7%D9%87-%D9%88-%D8%B3%D9%81%DB%8C%D8%AF-4,0,2,,none,needs manual mapping
https://mahamprint.com/category/79/color,0,2,,none,needs manual mapping
https://mahamprint.com/category/147/%DA%A9%D8%A7%D9%84%D8%A7%D9%87%D8%A7%DB%8C-%D8%A7%D8%B3%D8%AA%D9%88%DA%A9?min=0&max=0&show=0&search=&allSize=&allColor=,0,2,,none,needs manual mapping
https://mahamprint.com/tag/1058/%DA%A9%D8%A7%D8%AA%DB%8C%D8%AC-%D9%84%DB%8C%D8%B2%D8%B1%DB%8C,0,2,,none,needs manual mapping
https://mahamprint.com/tag/1348/%D8%AA%D9%88%D9%86-%D8%B1%D9%82%DB%8C%D9%85%D8%AA-%D9%85%D9%86%D8%A7%D8%B3%D8%A8,0,2,,none,needs manual mapping
https://mahamprint.com/tag/1486/%D8%B9%DA%A9%D8%A7%D8%B3%DB%8C,0,2,,none,needs manual mapping
https://mahamprint.com/tag/1962/%D9%BE%D8%B1%DB%8C%D9%86%D8%AA-%DA%A9%D9%85-%D9%87%D8%B2%DB%8C%D9%86%D9%87,0,2,,none,needs manual mapping
https://mahamprint.com/tag/2015/vdkj-gdcvd,0,2,,none,needs manual mapping
https://mahamprint.com/tag/2032/JKV-J%5D-D,0,2,,none,needs manual mapping
https://mahamprint.com/tag/2128/%5Dhv-1300,0,2,,none,needs manual mapping
https://mahamprint.com/tag/2041/kddjh,0,2,,none,needs manual mapping
https://mahamprint.com/tag/2249/hskv-hkk,0,2,,none,needs manual mapping
https://mahamprint.com/tag/2226/VDKJV-X555DN,0,2,,none,needs manual mapping
https://mahamprint.com/tag/2257/vdkjv-m51w,0,2,,none,needs manual mapping
https://mahamprint.com/tag/2305/fhvnhskv,0,2,,none,needs manual mapping
https://mahamprint.com/tag/2350/instagram.com/instagram.com/linkedin.com,0,2,,none,needs manual mapping
https://mahamprint.com/tag/2402/%DA%A9%D8%A7%D8%BA%D8%B0-%D8%AE%D8%B1%D8%AF%DA%A9%D9%86-REMO,0,2,,none,needs manual mapping
https://mahamprint.com/tag/2500/%D9%88%DB%8C%D8%AF%D8%A6%D9%88-%D9%BE%D8%B1%D9%88%DA%98%DA%A9%D8%AA%D9%88%D8%B1-%D9%BE%D8%A7%D9%86%D8%A7%D8%B3%D9%88%D9%86%DB%8C%DA%A9,0,2,,none,needs manual mapping
https://mahamprint.com/tag/2578/%DA%A9%D9%86%D8%B3%D9%88%D9%84-%D8%A8%D8%A7%D8%B2%DB%8C-%D9%BE%D9%84%DB%8C-%D8%A7%D8%B3%D8%AA%DB%8C%D8%B4%D9%86,0,2,,none,needs manual mapping
https://mahamprint.com/tag/2605/%D9%BE%D8%B1%DB%8C%D9%86%D8%AA%D8%B1-%D9%84%DB%8C%D8%B2%D8%B1%DB%8C-hp,0,2,,none,needs manual mapping
https://mahamprint.com/tag/2650/%D9%BE%D8%B1%DB%8C%D9%86%D8%AA%D8%B1-%DA%86%D9%86%D8%AF%DA%A9%D8%A7%D8%B1%D9%87-hp,0,2,,none,needs manual mapping
https://mahamprint.com/tag/2656/%D9%81%DB%8C%D8%B4-%D9%BE%D8%B1%DB%8C%D9%86%D8%AA%D8%B1-BIXOLON,0,2,,none,needs manual mapping
https://mahamprint.com/tag/2672/%D9%BE%D8%B1%DB%8C%D9%86%D8%AA%D8%B1-%DA%86%D9%87%D8%A7%D8%B1%DA%A9%D8%A7%D8%B1%D9%87-hp,0,2,,none,needs manual mapping
https://mahamprint.com/tag/2733/%DA%A9%D8%A7%D8%B1%D8%AA%D8%B1%DB%8C%D8%AC-%D8%B1%DB%8C%DA%A9%D9%88,0,2,,none,needs manual mapping
https://mahamprint.com/tag/2735/%DA%A9%D8%A7%D8%B1%D8%AA%D8%B1%DB%8C%D8%AC-%D9%84%DA%A9%D8%B3%D9%85%D8%A7%D8%B1%DA%A9,0,2,,none,needs manual mapping
https://mahamprint.com/tag/2752/%D9%81%DB%8C%D8%B4-%D9%BE%D8%B1%DB%8C%D9%86%D8%AA%D8%B1-%D8%B3%DB%8C%D8%AA%DB%8C%D8%B2%D9%86,0,2,,none,needs manual mapping
https://mahamprint.com/tag/2758/%D9%81%DA%A9%D8%B3-%D9%BE%D8%A7%D9%86%D8%A7%D8%B3%D9%88%D9%86%DB%8C%DA%A9,0,2,,none,needs manual mapping
https://mahamprint.com/tag/2763/%D9%85%D8%A7%D8%B3%DB%8C%D9%86-%D8%AD%D8%B3%D8%A7%D8%A8-casio,0,2,,none,needs manual mapping
https://mahamprint.com/tag/2791/%D9%85%D8%A7%D8%B4%DB%8C%D9%86-%D8%AD%D8%B3%D8%A7%D8%A8-%D8%B3%DB%8C%D8%AA%DB%8C%D8%B2%D9%86,0,2,,none,needs manual mapping
https://mahamprint.com/tag/2866/%D8%A7%D8%B3%DA%A9%D9%86%D8%A7%D8%B3-%D8%B4%D9%85%D8%A7%D8%B1-%D9%85%DA%A9%D8%B3,0,2,,none,needs manual mapping
https://mahamprint.com/tag/2869/%D8%B5%D9%86%D8%AF%D9%88%D9%82-%D9%81%D8%B1%D9%88%D8%B4%DA%AF%D8%A7%D9%87%DB%8C-SNBC,0,2,,none,needs manual mapping
https://mahamprint.com/tag/2879/%D8%A7%D8%B3%DA%A9%D9%86%D8%A7%D8%B3-%D8%B4%D9%85%D8%A7%D8%B1-dtech,0,2,,none,needs manual mapping
https://mahamprint.com/tag/2915/%D8%AA%D8%B3%D8%AA-%D8%A7%D8%B3%DA%A9%D9%86%D8%A7%D8%B3-%D8%B1%D9%85%D9%88,0,2,,none,needs manual mapping
https://mahamprint.com/tag/2978/%DA%A9%D8%A7%D8%BA%D8%B0-%D8%AE%D8%B1%D8%AF%DA%A9%D9%86-fellowes,0,2,,none,needs manual mapping
https://mahamprint.com/tag/2923/%D8%A7%D8%B3%DA%A9%D9%86%D8%A7%D8%B3-%D8%B4%D9%85%D8%A7%D8%B1-%D8%A2%D8%A7%DB%8C%DA%A9%D8%B3,0,2,,none,needs manual mapping
https://mahamprint.com/tag/3006/%DA%A9%D8%A7%D8%BA%D8%B0-%D8%AE%D8%B1%D8%AF%DA%A9%D9%86-%DA%AF%DB%8C%D9%87%D8%A7,0,2,,none,needs manual mapping
https://mahamprint.com/tag/3154/%D8%B1%DB%8C%D8%A8%D9%88%D9%86-%D8%A7%D9%88%D9%84%DB%8C%D8%B3,0,2,,none,needs manual mapping
https://mahamprint.com/tag/3221/%D9%BE%D8%B1%DB%8C%D9%86%D8%AA%D8%B1-%DA%86%D9%86%D8%AF-%DA%A9%D8%A7%D8%B1%D9%87-%D8%A7%D9%BE%D8%B3%D9%88%D9%86,0,2,,none,needs manual mapping
https://mahamprint.com/tag/3251/%D9%BE%D9%88%D8%AF%D8%B1-%D8%AA%D9%88%D9%86%D8%B1-%D8%A7%DA%86-%D9%BE%DB%8C,0,2,,none,needs manual mapping
https://mahamprint.com/tag/3264/%D9%81%DB%8C%D8%B4-%D9%BE%D8%B1%DB%8C%D9%86%D8%AA%D8%B1,0,2,,none,needs manual mapping
https://mahamprint.com/tag/3308/%DA%A9%D9%88%D8%A7%D8%AF%DA%A9%D9%88%D9%BE%D8%AA%D8%B1-%D8%AF%DB%8C-%D8%AC%DB%8C-%D8%A7%DB%8C,0,2,,none,needs manual mapping
https://mahamprint.com/tag/3320/%D8%B3%D8%A7%D8%B9%D8%AA-%D8%A7%D9%BE%D9%84-%D9%88%D8%A7%DA%86,0,2,,none,needs manual mapping
https://mahamprint.com/tag/3386/%D8%A2%D9%84-%D8%A7%DB%8C%D9%86-%D9%88%D8%A7%D9%86,0,2,,none,needs manual mapping
https://mahamprint.com/tag/3485/%D9%81%DB%8C%D8%B4-%D9%BE%D8%B1%DB%8C%D9%86%D8%AA%D8%B1-%DA%AF%D8%B1%D9%86%D8%AF%D9%85%DB%8C,0,2,,none,needs manual mapping
https://mahamprint.com/tag/57/%D9%86%D8%B3%D9%84-%D8%AC%D8%AF%DB%8C%D8%AF,0,2,,none,needs manual mapping
https://mahamprint.com/tag/607/%D9%BE%D8%B1%DB%8C%D9%86%D8%AA%D8%B1-%D8%A8%D8%A7-%DA%A9%DB%8C%D9%81%D8%AA-%D8%B9%D8%A7%D9%84%DB%8C,0,2,,none,needs manual mapping
https://mahamprint.com/tag/670/%D8%A7%D8%B3%DA%A9%D9%86%D8%B1-%D9%81%DB%8C%D8%AF%D8%B1,0,2,,none,needs manual mapping
https://mahamprint.com/tag/870/%DA%A9%D9%BE%DB%8C-%D8%A7%D8%AF%D8%A7%D8%B1%DB%8C,0,2,,none,needs manual mapping
https://mahamprint.com/tag/960/%D8%AA%D9%88%D9%86%D8%B1-%D8%A7%D8%B1%D8%B2%D8%A7%D9%86,0,2,,none,needs manual mapping
https://mahamprint.com/brand/75,1,1,https://mahamprint.com/brands/-,high,normalized slug
https://mahamprint.com/tag/1011/%DA%A9%D8%A7%D8%B1%D8%AA%D8%B1%DB%8C%D8%AC-2205,1,1,,none,needs manual mapping
https://mahamprint.com/tag/236/%D9%BE%D8%B1%DB%8C%D9%86%D8%AA%D8%B1-%D8%A8%D8%A7-%D8%B3%D8%B1%D8%B9%D8%AA-%D8%A8%D8%A7%D9%84%D8%A7,1,1,,none,needs manual mapping
https://mahamprint.com/tag/2808/%D9%85%D8%A7%D8%B4%DB%8C%D9%86-%D8%AD%D8%B3%D8%A7%D8%A8-pars,1,1,,none,needs manual mapping
https://mahamprint.com/tag/2827/%D9%85%D8%A7%D8%B4%DB%8C%D9%86-%D8%AD%D8%B3%D8%A7%D8%A8-%D8%AA%DA%AF%D8%B2%D8%A7%D8%B3,1,1,,none,needs manual mapping
https://mahamprint.com/tag/3331/%D9%84%D9%BE-%D8%AA%D8%A7%D9%BE-lenovo,1,1,,none,needs manual mapping
https://mahamprint.com/tag/3334/%D9%84%D9%BE-%D8%AA%D8%A7%D9%BE-%D8%A7%DB%8C%D8%B3%D9%88%D8%B3,1,1,,none,needs manual mapping
https://mahamprint.com/brand/23/samsung,0,1,https://mahamprint.com/brands/samsung,high,exact slug
https://mahamprint.com/brand/42,0,1,https://mahamprint.com/brands/-,high,normalized slug
https://mahamprint.com/brand/64/OPTOMA,0,1,https://mahamprint.com/brands/optoma,high,normalized slug
https://mahamprint.com/brand/67/PHILIPS,0,1,https://mahamprint.com/brands/philips,high,normalized slug
https://mahamprint.com/brand/89/zenpert,0,1,https://mahamprint.com/brands/zenpert,high,exact slug
https://mahamprint.com/category/124/%D9%81%DB%8C%D9%84%D9%85-%D9%81%DB%88%D9%88%D8%B2%DB%8C%D9%86%DA%AF,0,1,,none,needs manual mapping
https://mahamprint.com/category/133/%D9%87%D9%84%DB%8C-%D8%B4%D8%A7%D8%AA,0,1,,none,needs manual mapping
https://mahamprint.com/category/50/scanner?min=0&max=164000000&show=0&search=&allSize=&allColor=,0,1,https://mahamprint.com/categories/scanner,high,exact slug
https://mahamprint.com/category/67/Absence-attendance-device,0,1,https://mahamprint.com/categories/absence-attendance-device,high,normalized slug
https://mahamprint.com/category/95/%D8%B3%DB%8C%D8%A7%D9%87-%D9%88%D8%B3%DB%8C%D8%AF,0,1,,none,needs manual mapping
https://mahamprint.com/tag/1096/%D8%AF%D8%B1%D8%A7%D9%85-%D8%A7%DA%86-%D9%BE%DB%8C,0,1,,none,needs manual mapping
https://mahamprint.com/tag/1211/%D8%AA%D9%88%D9%86%D8%B1-%D8%A7%D8%B5%D9%84-hp-laserjet-1100,0,1,,none,needs manual mapping
https://mahamprint.com/tag/1216/%DA%A9%D8%A7%D8%AA%D8%B1%DB%8C%D8%AC-hp-laserjet-507-n,0,1,,none,needs manual mapping
https://mahamprint.com/tag/1320/instagram.com/twitter.com,0,1,,none,needs manual mapping
https://mahamprint.com/tag/1492/PAPER-SET,0,1,,none,needs manual mapping
https://mahamprint.com/tag/1411/%D9%85%DA%A9%D9%86%D8%AA-%D8%A8%D8%A7%D8%B1%DB%8C%DA%A9,0,1,,none,needs manual mapping
https://mahamprint.com/tag/167/%D9%BE%D8%B1%DB%8C%D9%86%D8%AA%D8%B1-%DA%86%D9%86%D8%AF-%DA%A9%D8%A7%D8%B1%D9%87,0,1,,none,needs manual mapping
https://mahamprint.com/tag/1730/%DA%A9%D8%A7%D8%B1%D8%AA%DB%8C%D8%B1%D8%AC-%D9%82%DB%8C%D9%85%D8%AA,0,1,,none,needs manual mapping
https://mahamprint.com/tag/1756/%D8%AA%D9%88%D8%B1%D9%86-%D8%A8%D8%A7-%D9%82%DB%8C%D9%85%D8%AA,0,1,,none,needs manual mapping
https://mahamprint.com/tag/1934/%D9%81%D8%B1%D9%88%D8%B4-%D8%B1%DB%8C%DA%A9%D9%88-2700,0,1,,none,needs manual mapping
https://mahamprint.com/tag/1975/vdkjv-j-hvi-gdcvd,0,1,,none,needs manual mapping
https://mahamprint.com/tag/2011/GDFG-VDKJV,0,1,,none,needs manual mapping
https://mahamprint.com/tag/2016/vdkjv-vkd,0,1,,none,needs manual mapping
https://mahamprint.com/tag/2025/vdkjv-gdcvd-hkk,0,1,,none,needs manual mapping
https://mahamprint.com/tag/2063/%D9%BE%D8%B1%DB%8C%D9%86%D8%AA%D8%B1-%DA%A9%D9%86%D9%88%D9%86,0,1,,none,needs manual mapping
https://mahamprint.com/tag/2070/vdkjv-1300,0,1,,none,needs manual mapping
https://mahamprint.com/tag/212/%D9%BE%D8%B1%DB%8C%D9%86%D8%AA%D8%B1-%D8%AA%DA%A9-%DA%A9%D8%A7%D8%B1%D9%87,0,1,,none,needs manual mapping
https://mahamprint.com/tag/2135/cdkjv,0,1,,none,needs manual mapping
https://mahamprint.com/tag/2146/vdkjv-gdvd,0,1,,none,needs manual mapping
https://mahamprint.com/tag/2159/VDKJV-M430F,0,1,,none,needs manual mapping
https://mahamprint.com/tag/2211/VDKJV-HP-CP1215,0,1,,none,needs manual mapping
https://mahamprint.com/tag/2207/VDKJV-P1505,0,1,,none,needs manual mapping
https://mahamprint.com/tag/2190/%5Dhv-gdcvd,0,1,,none,needs manual mapping
https://mahamprint.com/tag/2214/VDKJV-HP-M281FDN,0,1,,none,needs manual mapping
https://mahamprint.com/tag/2219/VDKJV-M438N,0,1,,none,needs manual mapping
https://mahamprint.com/tag/2223/VcJV,0,1,,none,needs manual mapping
https://mahamprint.com/tag/2261/vdkjv-m401d,0,1,,none,needs manual mapping
https://mahamprint.com/tag/2262/hskv-h%5D-d,0,1,,none,needs manual mapping
https://mahamprint.com/tag/2304/gdfg-vdkjv-120,0,1,,none,needs manual mapping
https://mahamprint.com/tag/2315/TDA-VDKJV-330II,0,1,,none,needs manual mapping
https://mahamprint.com/tag/2379/%D8%B0%D9%82%D8%AE%D9%81%D8%A7%D8%AB%D9%82,0,1,,none,needs manual mapping
https://mahamprint.com/tag/2415/%D9%87%D8%AF-%D9%BE%D8%B1%DB%8C%D9%86%D8%AA%D8%B1-Canon,0,1,,none,needs manual mapping
https://mahamprint.com/tag/2417/%D8%AC%D9%88%D9%87%D8%B1-Canon,0,1,,none,needs manual mapping
https://mahamprint.com/tag/2442/%D8%AF%D8%B3%D8%AA%DA%AF%D8%A7%D9%87-%DA%A9%D9%BE%DB%8C-%D8%B1%DB%8C%DA%A9%D9%88,0,1,,none,needs manual mapping
https://mahamprint.com/tag/2448/%D8%AA%D8%A7%D9%86%DA%A9-%D8%AC%D9%88%D9%87%D8%B1-%D8%A7%D9%BE%D8%B3%D9%88%D9%86,0,1,,none,needs manual mapping
https://mahamprint.com/tag/2471/%D9%88%DB%8C%D8%AF%D8%A6%D9%88-%D9%BE%D8%B1%D9%88%DA%98%DA%A9%D8%AA%D9%88%D8%B1-AIPTEK,0,1,,none,needs manual mapping
https://mahamprint.com/tag/2481/%D9%81%DB%8C%D9%88%D8%B2%DB%8C%D9%86%DA%AF-%D8%B3%D8%A7%D9%85%D8%B3%D9%88%D9%86%DA%AF,0,1,,none,needs manual mapping
https://mahamprint.com/tag/2486/%D9%81%DB%8C%D9%88%D8%B2%DB%8C%D9%86%DA%AF-%D8%A7%DA%86-%D9%BE%DB%8C,0,1,,none,needs manual mapping
https://mahamprint.com/tag/2503/%D9%BE%DB%8C%DA%A9%D8%A7%D9%BE-%D8%B5%D8%A7%D9%81-%D8%B1%DB%8C%DA%A9%D9%88,0,1,,none,needs manual mapping
https://mahamprint.com/tag/2501/%D9%88%DB%8C%D8%AF%D8%A6%D9%88-%D9%BE%D8%B1%D9%88%DA%98%DA%A9%D8%AA%D9%88%D8%B1-%D8%B1%DB%8C%DA%A9%D9%88,0,1,,none,needs manual mapping
https://mahamprint.com/tag/2535/%D9%BE%DB%8C%DA%A9%D8%A7%D9%BE-hp-1280,0,1,,none,needs manual mapping
https://mahamprint.com/tag/2562/%D8%AF%D9%88%D8%B1%D8%A8%DB%8C%D9%86-%D8%B9%DA%A9%D8%A7%D8%B3%DB%8C-Nikan,0,1,,none,needs manual mapping
https://mahamprint.com/tag/2564/%D8%AF%D9%88%D8%B1%D8%A8%DB%8C%D9%86-%D8%B9%DA%A9%D8%A7%D8%B3%DB%8C-Canon,0,1,,none,needs manual mapping
https://mahamprint.com/tag/2580/%D9%81%DB%8C%D9%84%D9%85-%D9%81%DB%8C%D9%88%D8%B2%DB%8C%D9%86%DA%AF-%DA%A9%D8%A7%D9%86%D9%86,0,1,,none,needs manual mapping
https://mahamprint.com/tag/2589/%D9%85%D8%A7%D9%86%DB%8C%D8%AA%D9%88%D8%B1-%D8%B3%D8%A7%D9%85,0,1,,none,needs manual mapping
https://mahamprint.com/tag/2654/%D9%81%DB%8C%D8%B4-%D9%BE%D8%B1%DB%8C%D9%86%D8%AA%D8%B1-MEVA,0,1,,none,needs manual mapping
https://mahamprint.com/tag/2607/%D9%BE%D8%B1%DB%8C%D9%86%D8%AA%D8%B1-%D8%AA%DA%A9-%DA%A9%D8%A7%D8%B1%D9%87-%DA%A9%D8%A7%D9%86%D9%86,0,1,,none,needs manual mapping
https://mahamprint.com/tag/2655/%D9%81%DB%8C%D8%B4-%D9%BE%D8%B1%DB%8C%D9%86%D8%AA%D8%B1-%D8%A8%DB%8C%DA%A9%D8%B3%D9%84%D9%88%D9%86,0,1,,none,needs manual mapping
https://mahamprint.com/tag/2730/%D9%85%D8%A7%D8%B4%DB%8C%D9%86-%D8%AD%D8%B3%D8%A7%D8%A8-casio,0,1,,none,needs manual mapping
https://mahamprint.com/tag/2740/%D8%AA%D9%88%D9%86%D8%B1-%DA%A9%D8%A7%D8%B1%D8%AA%D8%B1%DB%8C%D8%AC-%D8%B1%DB%8C%DA%A9%D9%88,0,1,,none,needs manual mapping
https://mahamprint.com/tag/2743/%DA%A9%D8%A7%D8%B1%D8%AA%D8%B1%DB%8C%D8%AC-%D8%AC%D9%88%D9%87%D8%B1%D8%A7%D9%81%D8%B4%D8%A7%D9%86-%D9%BE%D8%B3%D8%AA,0,1,,none,needs manual mapping
https://mahamprint.com/tag/2754/%D9%81%DB%8C%D8%B4-%D9%BE%D8%B1%DB%8C%D9%86%D8%AA%D8%B1-AX,0,1,,none,needs manual mapping
https://mahamprint.com/tag/2658/%D9%86%D9%88%D8%A7%D8%B1-%D9%84%DB%8C%D8%A8%D9%84-%D9%84%DB%8C%D8%A8%D9%84-%D9%BE%D8%B1%DB%8C%D9%86%D8%AA%D8%B1-%D8%A8%D8%B1%D8%A7%D8%AF%D8%B1,0,1,,none,needs manual mapping
https://mahamprint.com/tag/2764/%D9%BE%D8%B1%DB%8C%D9%86%D8%AA%D8%B1-%D8%B3%D9%88%D8%B2%D9%86%DB%8C-%D8%A7%D9%BE%D8%B3%D9%88%D9%86,0,1,,none,needs manual mapping
https://mahamprint.com/tag/2768/%D8%A8%D8%B1%D8%AF-%D9%81%D8%B1%D9%85%D8%AA%D8%B1-%DA%A9%D8%A7%D9%86%D9%86,0,1,,none,needs manual mapping
https://mahamprint.com/tag/2772/%D8%B3%DB%8C%D9%86%DB%8C-%D8%AE%D8%B1%D9%88%D8%AC%DB%8C-%D8%A7%DA%86-%D9%BE%DB%8C,0,1,,none,needs manual mapping
https://mahamprint.com/tag/2839/%D8%B5%D9%86%D8%AF%D9%88%D9%82-%D9%81%D8%B1%D9%88%D8%B4%DA%AF%D8%A7%D9%87%DB%8C-%D9%86%DB%8C%DA%A9%DB%8C%D8%AA%D8%A7,0,1,,none,needs manual mapping
https://mahamprint.com/tag/2810/%D9%84%DB%8C%D8%A8%D9%84-%D9%BE%D8%B1%DB%8C%D9%86%D8%AA%D8%B1-%D9%87%D8%A7%D9%86%DB%8C%D9%88%D9%84,0,1,,none,needs manual mapping
https://mahamprint.com/tag/2813/%D9%84%DB%8C%D8%A8%D9%84-%D9%BE%D8%B1%DB%8C%D9%86%D8%AA%D8%B1-MEVA,0,1,,none,needs manual mapping
https://mahamprint.com/tag/2870/%D8%A7%D8%B3%DA%A9%D9%86%D8%A7%D8%B3-%D8%B4%D9%85%D8%A7%D8%B1-%D8%B3%DB%8C-%D8%AA%DA%A9,0,1,,none,needs manual mapping
https://mahamprint.com/tag/2872/%D8%AA%D8%B3%D8%AA-%D8%A7%D8%B3%DA%A9%D9%86%D8%A7%D8%B3-%D9%86%DB%8C%DA%A9%DB%8C%D8%AA%D8%A7,0,1,,none,needs manual mapping
https://mahamprint.com/tag/2914/%D8%A7%D8%B3%DA%A9%D9%86%D8%A7%D8%B3-%D8%B4%D9%85%D8%A7%D8%B1-para,0,1,,none,needs manual mapping
https://mahamprint.com/tag/2938/%D8%A7%D8%B3%DA%A9%D9%86%D8%A7%D8%B3-%D8%B4%D9%85%D8%A7%D8%B1-%D8%A2-%D8%A7%DB%8C%DA%A9%D8%B3,0,1,,none,needs manual mapping
https://mahamprint.com/tag/2933/%D8%A8%D8%A7%D8%B1%DA%A9%D8%AF-%D8%AE%D9%88%D8%A7%D9%86-%D8%A7%D8%B3%DA%A9%D8%A7%D8%B1,0,1,,none,needs manual mapping
https://mahamprint.com/tag/294/%D9%BE%D8%B1%DB%8C%D9%86%D8%AA%D8%B1-HP-428DW,0,1,,none,needs manual mapping
https://mahamprint.com/tag/2995/%DA%A9%D8%A7%D8%BA%D8%B0-%D8%AE%D8%B1%D8%AF%DA%A9%D9%86-%D8%A7%D8%B7%D9%84%D8%B3,0,1,,none,needs manual mapping
https://mahamprint.com/tag/2987/%D9%BE%D8%B1%D9%86%D8%AA%D8%B1-%DA%86%D9%87%D8%A7%D8%B1-%DA%A9%D8%A7%D8%B1%D9%87-%D8%A8%D8%B1%D8%A7%D8%AF%D8%B1,0,1,,none,needs manual mapping
https://mahamprint.com/tag/2943/%D8%A8%D8%A7%D8%B1%DA%A9%D8%AF-%D8%AE%D9%88%D8%A7%D9%86-ZEBRA,0,1,,none,needs manual mapping
https://mahamprint.com/tag/3035/%D9%BE%D8%B1%DB%8C%D9%86%D8%AA%D8%B1-%D8%AA%DA%A9-%DA%A9%D8%A7%D8%B1%D9%87-pantum,0,1,,none,needs manual mapping
https://mahamprint.com/tag/301/%D9%BE%D8%B1%DB%8C%D9%86%D8%AA%D8%B1-CANON-MF641CW,0,1,,none,needs manual mapping
https://mahamprint.com/tag/3091/%D8%A8%D8%A7%D8%AA%D8%B1%DB%8C-camelion,0,1,,none,needs manual mapping
https://mahamprint.com/tag/3098/%D8%A8%D8%B1%D8%AF-%D9%81%D8%B1%D9%85%D8%AA%D8%B1-%D8%B3%D8%A7%D9%85%D8%B3%D9%88%D9%86%DA%AF,0,1,,none,needs manual mapping
https://mahamprint.com/tag/3092/%D8%A8%D8%A7%D8%AA%D8%B1%DB%8C-%D8%AF%D9%88%D8%B1%D8%A7%D8%B3%D9%84,0,1,,none,needs manual mapping
https://mahamprint.com/tag/3104/%D8%A8%D8%B1%D8%AF-%D9%BE%D8%A7%D9%88%D8%B1-%DA%A9%D8%A7%D9%86%D9%86,0,1,,none,needs manual mapping
https://mahamprint.com/tag/3126/%D8%AF%D8%B1%D8%A7%D9%85-%DA%A9%D8%A7%D8%B1%D8%AA%D8%B1%DB%8C%D8%AC-%D8%B1%DB%8C%DA%A9%D9%88,0,1,,none,needs manual mapping
https://mahamprint.com/tag/3118/%D8%AF%D8%B1%D8%A7%D9%85-%DA%A9%D8%A7%D8%B1%D8%AA%D8%B1%DB%8C%D8%AC-%D8%B3%D8%A7%D9%85%D8%B3%D9%88%D9%86%DA%AF,0,1,,none,needs manual mapping
https://mahamprint.com/tag/3148/%D8%B1%DB%8C%D8%A8%D9%88%D9%86-%D9%88%DA%A9%D8%B3,0,1,,none,needs manual mapping
https://mahamprint.com/tag/3157/%D8%B1%DB%8C%D8%A8%D9%88%D9%86-fargo,0,1,,none,needs manual mapping
https://mahamprint.com/tag/3167/%D8%B1%DB%8C%D8%A8%D9%88%D9%86-magicard,0,1,,none,needs manual mapping
https://mahamprint.com/tag/3199/%D9%BE%D8%B1%DB%8C%D9%86%D8%AA%D8%B1-%D9%84%DB%8C%D8%B2%D8%B1%DB%8C-%D9%BE%D8%A7%D9%86%D8%A7%D8%B3%D9%88%D9%86%DB%8C%DA%A9,0,1,,none,needs manual mapping
https://mahamprint.com/tag/3205/%D9%BE%D8%B1%DB%8C%D9%86%D8%AA%D8%B1-%DA%86%D9%87%D8%A7%D8%B1%DA%A9%D8%A7%D8%B1%D9%87-%D9%84%DB%8C%D8%B2%D8%B1%DB%8C-%D8%A8%D8%B1%D8%A7%D8%AF%D8%B1/sort=Price&direction=asc,0,1,,none,needs manual mapping
https://mahamprint.com/tag/3209/%D9%BE%D8%B1%DB%8C%D9%86%D8%AA%D8%B1-%D8%B3%D9%87-%DA%A9%D8%A7%D8%B1%D9%87-%D9%84%DB%8C%D8%B2%D8%B1%DB%8C-%D8%B3%D8%A7%D9%85%D8%B3%D9%88%D9%86%DA%AF,0,1,,none,needs manual mapping
https://mahamprint.com/tag/3272/%D8%AC%D9%88%D9%87%D8%B1-%D9%BE%D8%B1%DB%8C%D9%86%D8%AA%D8%B1-%DA%A9%D8%A7%D9%86%D9%86,0,1,,none,needs manual mapping
https://mahamprint.com/tag/3306/%D9%87%D9%84%DB%8C-%D8%B4%D8%A7%D8%AA-%D8%AF%DB%8C-%D8%AC%DB%8C-%D8%A7%DB%8C,0,1,,none,needs manual mapping
https://mahamprint.com/tag/3312/%DA%AF%D9%88%D8%B4%DB%8C-%D9%85%D9%88%D8%A8%D8%A7%DB%8C%D9%84,0,1,,none,needs manual mapping
https://mahamprint.com/tag/3356/%D9%BE%D8%B1%DB%8C%D9%86%D8%AA%D8%B1-%D8%B3%D9%87-%DA%A9%D8%A7%D8%B1%D9%87-%D9%84%DB%8C%D8%B2%D8%B1%DB%8C,0,1,,none,needs manual mapping
https://mahamprint.com/tag/3358/%D9%BE%D8%B1%DB%8C%D9%86%D8%AA%D8%B1-%D8%B3%D9%88%D8%B2%D9%86%DB%8C-%D8%A7%D8%B3%DA%A9%D8%A7%DB%8C,0,1,,none,needs manual mapping
https://mahamprint.com/tag/3366/%D8%A7%D8%B3%DA%A9%D9%86%D8%B1-%D8%A7%D8%AB%D8%B1-%D8%A7%D9%86%DA%AF%D8%B4%D8%AA-%D8%B3%D9%88%D9%BE%D8%B1%DB%8C%D9%85%D8%A7,0,1,,none,needs manual mapping
https://mahamprint.com/tag/3360/%D9%BE%D8%B1%DB%8C%D9%86%D8%AA%D8%B1-%D8%AA%DA%A9-%DA%A9%D8%A7%D8%B1%D9%87-%D8%A7%D8%B3%DA%A9%D8%A7%DB%8C,0,1,,none,needs manual mapping
https://mahamprint.com/tag/3372/%D8%A7%D8%B3%DA%A9%D9%86%D8%B1-%D8%AF%D9%87-%D8%A7%D9%86%DA%AF%D8%B4%D8%AA%DB%8C-%D8%B3%D9%88%D9%BE%D8%B1%DB%8C%D9%85%D8%A7,0,1,,none,needs manual mapping
https://mahamprint.com/tag/3368/%D8%A7%D8%B3%DA%A9%D9%86%D8%B1-%D8%A7%D8%AB%D8%B1-%D8%A7%D9%86%DA%AF%D8%B4%D8%AA-%D9%81%D9%88%D8%AA%D8%B1%D9%88%D9%86%DB%8C%DA%A9,0,1,,none,needs manual mapping
https://mahamprint.com/tag/3378/%D9%85%D8%A7%DA%98%D9%88%D9%84-%D8%B3%D9%88%D8%A6%DB%8C%DA%86-%D8%B3%DB%8C%D8%B3%DA%A9%D9%88,0,1,,none,needs manual mapping
https://mahamprint.com/tag/3379/%D9%85%D8%A7%DA%98%D9%88%D9%84-%D8%B3%D9%88%D8%A6%DB%8C%DA%86-cisco,0,1,,none,needs manual mapping
https://mahamprint.com/tag/3383/%DA%A9%D8%A7%D8%B1%D8%AA-%DA%AF%D8%B1%D8%A7%D9%81%DB%8C%DA%A9-MSI,0,1,,none,needs manual mapping
https://mahamprint.com/tag/3389/%D8%A2%D9%84-%D8%A7%DB%8C%D9%86-%D9%88%D8%A7%D9%86-%D8%A7%DB%8C%D8%B3%D9%88%D8%B3,0,1,,none,needs manual mapping
https://mahamprint.com/tag/3384/%DA%A9%D8%A7%D8%B1%D8%AA-%DA%AF%D8%B1%D8%A7%D9%81%DB%8C%DA%A9,0,1,,none,needs manual mapping
https://mahamprint.com/tag/3393/%D8%A2%D9%84-%D8%A7%DB%8C%D9%86-%D9%88%D8%A7%D9%86-%D8%AF%D9%84,0,1,,none,needs manual mapping
https://mahamprint.com/tag/3429/%D8%B5%D9%86%D8%AF%D9%88%D9%82-%D9%81%D8%B1%D9%88%D8%B4%DA%AF%D8%A7%D9%87%DB%8C-CBON,0,1,,none,needs manual mapping
https://mahamprint.com/tag/3444/%D9%BE%D8%B1%DB%8C%D9%86%D8%AA%D8%B1-%D8%AC%D9%88%D9%87%D8%B1%D8%A7%D9%81%D8%B4%D8%A7%D9%86-canon-5040-dw,0,1,,none,needs manual mapping
https://mahamprint.com/tag/3448/%D8%B1%DB%8C%D9%86%D8%AA%D8%B1-%DA%86%D9%87%D8%A7%D8%B1-%DA%A9%D8%A7%D8%B1%D9%87-%D8%AC%D9%88%D9%87%D8%B1%D8%A7%D9%81%D8%B4%D8%A7%D9%86-Epson-15160,0,1,,none,needs manual mapping
https://mahamprint.com/tag/3467/%D9%BE%D8%B1%DB%8C%D9%86%D8%AA%D8%B1-%D8%AA%DA%A9-%DA%A9%D8%A7%D8%B1%D9%87-%D8%AC%D9%88%D9%87%D8%B1%D8%A7%D9%81%D8%B4%D8%A7%D9%86-%D8%A7%D9%BE%D8%B3%D9%88%D9%86,0,1,,none,needs manual mapping
https://mahamprint.com/tag/3472/%D9%84%DB%8C%D8%A8%D9%84-%D9%BE%D8%B1%DB%8C%D9%86%D8%AA%D8%B1-Gainscha,0,1,,none,needs manual mapping
https://mahamprint.com/tag/3483/%D9%84%DB%8C%D8%A8%D9%84-%D9%BE%D8%B1%DB%8C%D9%86%D8%AA%D8%B1-%DA%AF%D8%B1%D9%86%D8%AF%D9%85%DB%8C,0,1,,none,needs manual mapping
https://mahamprint.com/tag/3486/%D9%81%DB%8C%D8%B4%D9%BE-%D9%BE%D8%B1%DB%8C%D9%86%D8%AA%D8%B1-grandmi,0,1,,none,needs manual mapping
https://mahamprint.com/tag/360/%D9%BE%D8%B1%DB%8C%D9%86%D8%AA%D8%B1-Canon-SELPHY-CP1200,0,1,,none,needs manual mapping
https://mahamprint.com/tag/437/%D9%BE%D8%B1%DB%8C%D9%86%D8%AA%D8%B1-%DA%86%D9%86%D8%AF%DA%A9%D8%A7%D8%B1%D9%87-CANON-MF237W,0,1,,none,needs manual mapping
https://mahamprint.com/tag/547/%D9%BE%D8%B1%DB%8C%D9%86%D8%AA%D8%B1-%D8%AA%DA%A9-%D8%A7%D8%B1%D9%87,0,1,,none,needs manual mapping
https://mahamprint.com/tag/522/%D8%AE%D8%B1%DB%8C%D8%AF-%D9%BE%D8%B1%DB%8C%D9%86%D8%AA%D8%B1-%D9%81%D8%B1%D9%88%D8%B4-%D8%A7%D8%AF%D8%A7%D8%B1%DB%8C,0,1,,none,needs manual mapping
https://mahamprint.com/tag/699/%D8%A7%D8%B3%DA%A9%D9%86%D8%B1-%D8%A7%DB%8C%D9%88%DB%8C%DA%98%D9%86/sort=name&direction=desc,0,1,,none,needs manual mapping
https://mahamprint.com/tag/734/%D8%A7%D8%B3%DA%A9%D9%86%D8%B1-%D9%81%D9%88%D8%AC%DB%8C%D8%AA%D8%B3%D9%88,0,1,,none,needs manual mapping
https://mahamprint.com/tag/869/%D8%AF%D8%B3%D8%AA%DA%AF%D8%A7%D9%87-%DA%A9%D9%BE%DB%8C-%D8%A7%D8%B1%D8%B2%D8%A7%D9%86-%D9%82%DB%8C%D9%85%D8%AA,0,1,,none,needs manual mapping
https://mahamprint.com/tag/896/%D8%AF%D8%B3%D8%AA%DA%AF%D8%A7%D9%87-%D9%81%D8%AA%D9%88%DA%A9%D9%BE%DB%8C-%D9%88-%D9%BE%D8%B1%DB%8C%D9%86%D8%AA%D8%B1-%D8%B3%DB%8C%D8%A7%D9%87-%D9%88-%D8%B3%D9%81%DB%8C%D8%AF-%D8%AA%D9%88%D8%B4%DB%8C%D8%A8%D8%A7-455,0,1,,none,needs manual mapping
https://mahamprint.com/tag/961/%DA%A9%D8%A7%D8%AA%D8%B1%DB%8C%D8%AC-%D8%A8%D8%A7-%DA%A9%DB%8C%D9%81%DB%8C%D8%AA,0,1,,none,needs manual mapping
https://mahamprint.com/tag/970/%DA%A9%D8%A7%D8%B1%D8%AA%D8%B1%DB%8C%D8%AC-%D8%A7%DA%86-%D9%BE%DB%8C,0,1,,none,needs manual mapping
